{
  "version": "7",
  "dialect": "postgresql",
  "entries": [
    {
      "idx": 0,
      "version": "7",
      "when": 1728766488290,
      "tag": "0000_complete_lightspeed",
      "breakpoints": true
    },
    {
      "idx": 1,
      "version": "7",
      "when": 1728770873662,
      "tag": "0001_dapper_epoch",
      "breakpoints": true
    },
    {
      "idx": 2,
      "version": "7",
      "when": 1728771017255,
      "tag": "0002_premium_harry_osborn",
      "breakpoints": true
    },
    {
      "idx": 3,
      "version": "7",
      "when": 1729013378229,
      "tag": "0003_past_landau",
      "breakpoints": true
    }
  ]
}